n_samples,accuracy,balanced_accuracy,macro_f1,micro_f1,weighted_f1,model,split
255,0.9803921568627451,0.9703736504723347,0.9722451125964582,0.9803921568627451,0.9803102181576482,nmf_svm,test
99,0.9393939393939394,0.9540827922077922,0.921709656084656,0.9393939393939394,0.9457124151568596,nmf_svm,hm450_validation
97,0.9381443298969072,0.9518506493506493,0.9190387159137159,0.9381443298969072,0.9446547629537321,nmf_svm,epic_validation
255,0.9764705882352941,0.953306342780027,0.9594004220096398,0.9764705882352941,0.9760640269936863,linear_svm,test
99,0.9393939393939394,0.9259974747474747,0.9155451555120846,0.9393939393939394,0.9407961640748902,linear_svm,hm450_validation
97,0.9278350515463918,0.9260795454545454,0.9048566017316018,0.9278350515463918,0.931484580711385,linear_svm,epic_validation
255,0.2549019607843137,0.125,0.05078125,0.2549019607843137,0.10355392156862746,dummy,test
99,0.25252525252525254,0.125,0.05040322580645161,0.25252525252525254,0.10182469859889214,dummy,hm450_validation
97,0.25773195876288657,0.125,0.05122950819672131,0.25773195876288657,0.10562785195200271,dummy,epic_validation
